Total_Packets,Total_Time
10,13.46238809901115
20,25.132513977994677
