Total_Packets,Total_Time
1,1.3063476819952484
2,2.550286690995563
10,9.078312183992239
50,61.065117897989694
100,108.3673654369777
250,288.1815030069847
500,567.8444021909963
1000,1198.2727385670005
2500,2893.2222629549797
5000,5774.817728336027
7000,8635.256951533986
10000,11925.585465328011
