Total_Packets,Total_Time
10,13.930282966999584
50,66.72677094499886
100,110.55488338199939
250,311.11738031000095
500,595.3452919430001
1000,1177.6830887380002
