Total_Packets,Total_Time
10,9.077316183000221
50,51.65913976500087
100,114.14477491400066
250,291.41711844100064
500,560.4028372909997
1000,1203.5596366670034
2500,2927.5791349859974
3500,4147.495082785001
5000,5924.878855641
