Total_Packets,Total_Time
10,1.1160685110080522
20,2.281973500008462
