Total_Packets,Total_Time
10,2.3114590890036197
20,2.0666008109983522
