Total_Packets,Total_Time
1,1.2113916300004348
2,1.0198818780045258
10,3.0050932180020027
50,5.851953873003367
100,5.87623918200552
250,6.293461548004416
500,11.675923492002767
1000,36.701663811996696
2500,67.2474866870034
5000,156.6647846410051
7000,196.1440442319872
10000,256.0628438450076
