Total_Packets,Total_Time
10,1.03563582499919
50,1.6244531889988139
100,2.2404076250004437
250,4.751827844998843
500,13.754837251999561
1000,31.403759512999386
2500,58.53027257499889
3500,83.69517342400104
5000,111.63493319600093
