Total_Packets,Total_Time
10,1.822663423999984
100,5.660380158000407
200,5.306210251000266
400,7.6812858449993655
